offer_id,model_id,shop_id,discount_percent,start_date,end_date,campaign_name
OFF6000,MOD2163,SHOP3066,5.7,2021-02-05,2024-07-06,Flash Deal
OFF6001,MOD2152,SHOP3096,19.0,2021-05-16,2024-11-11,Clearance
OFF6002,MOD2025,SHOP3032,14.9,2022-07-02,2025-03-08,Weekend Offer
OFF6003,MOD2150,SHOP3045,12.4,2023-07-05,2024-09-24,Clearance
OFF6004,MOD2141,SHOP3079,31.7,2024-04-17,2025-07-22,Festive Sale
OFF6005,MOD2045,SHOP3055,22.9,2021-06-08,2024-12-05,Festive Sale
OFF6006,MOD2189,SHOP3064,26.8,2021-11-21,2024-10-03,Clearance
OFF6007,MOD2079,SHOP3008,12.3,2021-07-25,2024-03-11,Flash Deal
OFF6008,MOD2083,SHOP3056,24.6,2023-01-17,2024-12-17,Flash Deal
OFF6009,MOD2040,SHOP3028,33.4,2022-12-17,2025-01-08,Weekend Offer
OFF6010,MOD2109,SHOP3012,27.8,2024-01-30,2024-09-07,Clearance
OFF6011,MOD2043,SHOP3056,23.3,2022-07-03,2024-10-15,Weekend Offer
OFF6012,MOD2051,SHOP3020,28.7,2024-01-15,2024-06-12,Festive Sale
OFF6013,MOD2167,SHOP3045,6.8,2022-12-27,2025-07-04,Clearance
OFF6014,MOD2056,SHOP3004,9.8,2021-04-04,2024-07-29,Flash Deal
OFF6015,MOD2104,SHOP3024,11.2,2024-08-19,2025-07-28,Festive Sale
OFF6016,MOD2136,SHOP3058,14.3,2023-06-22,2024-04-09,Festive Sale
OFF6017,MOD2124,SHOP3029,18.7,2021-03-01,2024-01-19,Flash Deal
OFF6018,MOD2045,SHOP3050,9.3,2022-03-30,2024-07-24,Clearance
OFF6019,MOD2023,SHOP3095,35.7,2021-06-23,2024-11-07,Flash Deal
OFF6020,MOD2163,SHOP3069,21.8,2024-08-29,2024-09-28,Flash Deal
OFF6021,MOD2091,SHOP3010,38.7,2023-03-10,2024-02-27,Weekend Offer
OFF6022,MOD2016,SHOP3028,10.6,2023-11-14,2024-12-28,Weekend Offer
OFF6023,MOD2198,SHOP3008,20.4,2023-01-12,2025-04-02,Clearance
OFF6024,MOD2014,SHOP3030,25.7,2024-02-22,2024-04-16,Flash Deal
OFF6025,MOD2127,SHOP3071,16.6,2022-08-26,2025-03-16,Flash Deal
OFF6026,MOD2066,SHOP3013,36.1,2022-06-25,2025-02-25,Flash Deal
OFF6027,MOD2191,SHOP3032,8.0,2022-02-07,2024-06-22,Clearance
OFF6028,MOD2066,SHOP3016,34.1,2024-08-03,2024-10-07,Festive Sale
OFF6029,MOD2079,SHOP3081,11.8,2023-10-27,2024-12-05,Weekend Offer
OFF6030,MOD2086,SHOP3039,16.8,2021-12-02,2024-05-16,Flash Deal
OFF6031,MOD2077,SHOP3005,16.7,2024-08-11,2024-09-10,Clearance
OFF6032,MOD2189,SHOP3062,5.7,2021-09-04,2025-02-04,Festive Sale
OFF6033,MOD2187,SHOP3079,39.5,2021-12-13,2025-08-04,Flash Deal
OFF6034,MOD2153,SHOP3017,11.2,2022-06-16,2024-09-24,Weekend Offer
OFF6035,MOD2009,SHOP3088,9.5,2024-04-23,2025-06-24,Clearance
OFF6036,MOD2145,SHOP3084,34.1,2023-04-21,2025-03-10,Festive Sale
OFF6037,MOD2195,SHOP3044,22.5,2023-07-19,2025-01-31,Clearance
OFF6038,MOD2100,SHOP3073,12.5,2021-05-29,2025-07-21,Flash Deal
OFF6039,MOD2090,SHOP3028,5.7,2021-12-16,2024-03-24,Weekend Offer
OFF6040,MOD2144,SHOP3004,35.1,2023-11-25,2024-09-04,Flash Deal
OFF6041,MOD2183,SHOP3063,6.2,2024-01-22,2024-12-03,Weekend Offer
OFF6042,MOD2074,SHOP3087,6.5,2024-04-17,2025-01-10,Clearance
OFF6043,MOD2108,SHOP3067,27.2,2022-11-09,2025-08-01,Weekend Offer
OFF6044,MOD2065,SHOP3039,22.5,2023-02-18,2024-08-10,Clearance
OFF6045,MOD2002,SHOP3059,36.5,2024-01-25,2024-04-24,Flash Deal
OFF6046,MOD2138,SHOP3031,34.2,2021-05-27,2025-08-25,Weekend Offer
OFF6047,MOD2034,SHOP3015,34.5,2021-04-13,2024-06-23,Clearance
OFF6048,MOD2005,SHOP3093,32.0,2022-06-14,2024-04-30,Flash Deal
OFF6049,MOD2142,SHOP3020,28.1,2023-06-27,2025-03-30,Flash Deal
OFF6050,MOD2168,SHOP3091,30.0,2021-08-10,2024-04-26,Weekend Offer
OFF6051,MOD2129,SHOP3041,16.8,2023-07-18,2025-08-13,Festive Sale
OFF6052,MOD2189,SHOP3061,6.3,2022-12-31,2025-01-14,Weekend Offer
OFF6053,MOD2134,SHOP3058,12.9,2022-09-01,2025-07-24,Flash Deal
OFF6054,MOD2084,SHOP3090,9.4,2023-08-17,2025-04-29,Weekend Offer
OFF6055,MOD2082,SHOP3047,18.4,2023-11-20,2025-03-18,Flash Deal
OFF6056,MOD2142,SHOP3022,36.0,2021-07-22,2025-05-02,Flash Deal
OFF6057,MOD2041,SHOP3073,26.3,2022-04-20,2025-02-22,Weekend Offer
OFF6058,MOD2169,SHOP3031,7.8,2022-11-30,2024-11-25,Clearance
OFF6059,MOD2000,SHOP3093,36.7,2021-06-03,2024-06-08,Flash Deal
OFF6060,MOD2036,SHOP3069,25.7,2023-11-21,2024-08-04,Weekend Offer
OFF6061,MOD2026,SHOP3022,14.3,2021-11-05,2024-01-26,Clearance
OFF6062,MOD2008,SHOP3077,19.1,2022-12-16,2024-09-06,Festive Sale
OFF6063,MOD2066,SHOP3087,21.3,2021-06-10,2025-01-23,Festive Sale
OFF6064,MOD2141,SHOP3035,38.1,2023-02-15,2025-08-03,Weekend Offer
OFF6065,MOD2077,SHOP3062,16.3,2024-02-20,2025-05-21,Festive Sale
OFF6066,MOD2088,SHOP3040,31.4,2024-08-20,2024-09-19,Festive Sale
OFF6067,MOD2095,SHOP3009,39.1,2021-03-18,2024-10-13,Flash Deal
OFF6068,MOD2037,SHOP3048,39.6,2024-05-12,2024-09-05,Weekend Offer
OFF6069,MOD2119,SHOP3029,32.8,2022-11-04,2024-06-22,Clearance
OFF6070,MOD2101,SHOP3030,7.4,2024-08-01,2024-10-14,Flash Deal
OFF6071,MOD2027,SHOP3054,28.1,2024-02-28,2025-04-05,Flash Deal
OFF6072,MOD2008,SHOP3061,16.3,2023-10-19,2024-12-05,Weekend Offer
OFF6073,MOD2060,SHOP3082,5.6,2022-01-10,2024-07-24,Flash Deal
OFF6074,MOD2050,SHOP3006,16.3,2023-11-09,2025-02-26,Flash Deal
OFF6075,MOD2038,SHOP3013,13.5,2023-06-08,2025-02-04,Festive Sale
OFF6076,MOD2140,SHOP3006,33.2,2023-11-17,2024-05-05,Flash Deal
OFF6077,MOD2185,SHOP3059,36.7,2021-11-05,2025-05-18,Weekend Offer
OFF6078,MOD2151,SHOP3001,30.1,2021-01-04,2024-04-10,Weekend Offer
OFF6079,MOD2077,SHOP3000,11.7,2021-08-25,2024-10-04,Weekend Offer
OFF6080,MOD2068,SHOP3061,33.4,2023-06-15,2024-12-25,Weekend Offer
OFF6081,MOD2026,SHOP3017,19.7,2024-07-12,2025-01-13,Clearance
OFF6082,MOD2021,SHOP3057,35.0,2023-01-31,2024-06-10,Flash Deal
OFF6083,MOD2118,SHOP3078,20.2,2023-12-15,2024-04-13,Weekend Offer
OFF6084,MOD2071,SHOP3042,19.2,2021-06-10,2024-06-11,Clearance
OFF6085,MOD2008,SHOP3025,37.7,2022-10-10,2024-01-18,Weekend Offer
OFF6086,MOD2196,SHOP3066,33.3,2024-07-31,2024-12-06,Festive Sale
OFF6087,MOD2022,SHOP3006,9.5,2023-12-09,2024-07-14,Clearance
OFF6088,MOD2054,SHOP3029,16.5,2022-03-16,2025-08-03,Weekend Offer
OFF6089,MOD2115,SHOP3072,15.8,2023-03-26,2025-04-23,Weekend Offer
OFF6090,MOD2119,SHOP3090,16.8,2021-06-02,2024-06-23,Festive Sale
OFF6091,MOD2002,SHOP3073,21.4,2024-01-05,2025-02-03,Flash Deal
OFF6092,MOD2193,SHOP3034,35.8,2024-05-20,2024-12-07,Flash Deal
OFF6093,MOD2107,SHOP3075,26.2,2023-04-07,2025-04-28,Flash Deal
OFF6094,MOD2043,SHOP3043,15.2,2022-10-15,2024-11-19,Festive Sale
OFF6095,MOD2165,SHOP3056,18.5,2021-05-29,2024-08-08,Festive Sale
OFF6096,MOD2085,SHOP3058,19.9,2023-06-22,2024-08-12,Flash Deal
OFF6097,MOD2196,SHOP3088,27.0,2021-03-07,2024-10-04,Flash Deal
OFF6098,MOD2125,SHOP3013,34.0,2024-01-26,2025-04-26,Flash Deal
OFF6099,MOD2180,SHOP3015,32.8,2022-01-25,2024-12-18,Flash Deal
OFF6100,MOD2039,SHOP3006,6.3,2023-11-09,2024-04-25,Festive Sale
OFF6101,MOD2015,SHOP3099,36.1,2022-05-10,2025-08-12,Clearance
OFF6102,MOD2029,SHOP3014,15.6,2021-10-23,2024-02-20,Flash Deal
OFF6103,MOD2109,SHOP3017,16.2,2022-12-08,2024-05-14,Clearance
OFF6104,MOD2106,SHOP3022,20.6,2021-10-28,2025-04-25,Clearance
OFF6105,MOD2130,SHOP3033,5.5,2022-07-31,2024-05-26,Weekend Offer
OFF6106,MOD2062,SHOP3011,38.3,2023-04-12,2024-07-25,Clearance
OFF6107,MOD2048,SHOP3002,11.4,2024-08-14,2024-09-13,Festive Sale
OFF6108,MOD2181,SHOP3008,8.5,2021-04-27,2024-11-13,Festive Sale
OFF6109,MOD2059,SHOP3097,35.7,2023-12-27,2025-03-13,Clearance
OFF6110,MOD2194,SHOP3025,10.8,2023-07-13,2024-11-10,Flash Deal
OFF6111,MOD2163,SHOP3046,20.8,2023-11-06,2024-04-29,Clearance
OFF6112,MOD2097,SHOP3047,28.2,2023-09-01,2024-02-02,Flash Deal
OFF6113,MOD2093,SHOP3071,11.9,2024-03-21,2024-11-01,Weekend Offer
OFF6114,MOD2000,SHOP3067,25.7,2022-03-28,2024-11-02,Weekend Offer
OFF6115,MOD2056,SHOP3082,6.7,2024-02-19,2024-07-06,Weekend Offer
OFF6116,MOD2151,SHOP3085,36.7,2022-02-23,2024-12-24,Flash Deal
OFF6117,MOD2035,SHOP3086,11.4,2023-04-18,2025-03-24,Flash Deal
OFF6118,MOD2064,SHOP3003,35.8,2023-08-27,2025-04-15,Festive Sale
OFF6119,MOD2111,SHOP3002,11.0,2023-12-02,2025-03-30,Clearance
OFF6120,MOD2073,SHOP3044,27.0,2022-08-31,2025-05-26,Flash Deal
OFF6121,MOD2176,SHOP3071,39.1,2022-09-21,2025-02-17,Clearance
OFF6122,MOD2050,SHOP3041,9.3,2024-05-19,2024-06-18,Flash Deal
OFF6123,MOD2170,SHOP3068,31.4,2023-05-21,2025-08-29,Weekend Offer
OFF6124,MOD2000,SHOP3072,30.8,2023-10-14,2024-04-28,Weekend Offer
OFF6125,MOD2058,SHOP3082,11.1,2023-02-02,2024-04-03,Flash Deal
OFF6126,MOD2108,SHOP3009,7.7,2023-11-26,2024-04-09,Flash Deal
OFF6127,MOD2170,SHOP3020,12.6,2022-09-28,2024-08-15,Weekend Offer
OFF6128,MOD2155,SHOP3040,14.4,2023-07-26,2025-08-02,Festive Sale
OFF6129,MOD2025,SHOP3067,19.1,2022-02-23,2024-11-23,Clearance
OFF6130,MOD2017,SHOP3044,21.1,2022-08-31,2025-04-11,Festive Sale
OFF6131,MOD2101,SHOP3003,13.9,2024-05-14,2025-01-10,Clearance
OFF6132,MOD2131,SHOP3041,14.9,2022-11-10,2025-05-15,Festive Sale
OFF6133,MOD2101,SHOP3046,24.1,2023-01-19,2025-04-11,Flash Deal
OFF6134,MOD2121,SHOP3070,10.3,2024-01-14,2024-02-21,Weekend Offer
OFF6135,MOD2117,SHOP3098,38.9,2022-10-01,2025-06-23,Festive Sale
OFF6136,MOD2151,SHOP3003,7.3,2024-03-11,2024-07-11,Flash Deal
OFF6137,MOD2100,SHOP3049,30.0,2023-07-20,2024-11-21,Festive Sale
OFF6138,MOD2134,SHOP3002,28.7,2023-08-10,2024-01-07,Weekend Offer
OFF6139,MOD2130,SHOP3031,27.9,2022-04-26,2025-02-02,Clearance
OFF6140,MOD2025,SHOP3022,24.2,2023-06-21,2025-07-20,Festive Sale
OFF6141,MOD2155,SHOP3029,37.3,2021-01-06,2025-03-16,Festive Sale
OFF6142,MOD2119,SHOP3039,28.9,2021-09-17,2024-06-27,Festive Sale
OFF6143,MOD2116,SHOP3056,36.0,2023-08-26,2025-05-18,Festive Sale
OFF6144,MOD2028,SHOP3002,14.3,2021-10-26,2024-06-22,Festive Sale
OFF6145,MOD2108,SHOP3098,16.1,2022-12-23,2024-07-13,Weekend Offer
OFF6146,MOD2102,SHOP3084,31.8,2023-09-25,2024-12-08,Festive Sale
OFF6147,MOD2135,SHOP3070,11.1,2022-09-03,2025-03-20,Festive Sale
OFF6148,MOD2102,SHOP3023,26.7,2021-06-12,2024-05-29,Weekend Offer
OFF6149,MOD2121,SHOP3030,11.7,2021-11-15,2025-07-31,Flash Deal
OFF6150,MOD2163,SHOP3056,35.3,2024-08-26,2024-09-25,Clearance
OFF6151,MOD2073,SHOP3062,22.1,2022-06-26,2024-08-27,Festive Sale
OFF6152,MOD2176,SHOP3007,27.8,2023-09-09,2024-11-12,Festive Sale
OFF6153,MOD2009,SHOP3024,6.6,2022-07-22,2024-11-18,Festive Sale
OFF6154,MOD2133,SHOP3029,8.6,2022-10-23,2025-04-01,Weekend Offer
OFF6155,MOD2056,SHOP3061,13.5,2023-09-05,2024-05-31,Clearance
OFF6156,MOD2013,SHOP3099,38.7,2021-02-25,2024-06-28,Festive Sale
OFF6157,MOD2172,SHOP3049,23.6,2021-08-08,2025-04-27,Festive Sale
OFF6158,MOD2154,SHOP3028,8.3,2024-04-18,2025-05-18,Festive Sale
OFF6159,MOD2086,SHOP3002,37.1,2023-06-04,2025-03-04,Weekend Offer
OFF6160,MOD2185,SHOP3084,19.7,2021-01-13,2024-01-31,Festive Sale
OFF6161,MOD2150,SHOP3058,8.1,2022-01-01,2025-03-04,Weekend Offer
OFF6162,MOD2016,SHOP3040,5.8,2023-01-24,2024-07-18,Festive Sale
OFF6163,MOD2124,SHOP3082,22.8,2022-12-07,2025-07-17,Clearance
OFF6164,MOD2136,SHOP3029,39.0,2022-03-09,2025-03-28,Flash Deal
OFF6165,MOD2040,SHOP3058,16.7,2024-01-24,2024-03-23,Flash Deal
OFF6166,MOD2187,SHOP3048,26.1,2021-10-26,2025-02-01,Festive Sale
OFF6167,MOD2154,SHOP3050,27.6,2023-01-29,2025-05-07,Flash Deal
OFF6168,MOD2125,SHOP3033,32.5,2024-06-27,2025-04-27,Festive Sale
OFF6169,MOD2169,SHOP3094,6.4,2023-10-23,2025-07-28,Flash Deal
OFF6170,MOD2131,SHOP3046,26.9,2023-05-15,2024-10-24,Weekend Offer
OFF6171,MOD2040,SHOP3059,8.8,2023-07-20,2024-09-10,Clearance
OFF6172,MOD2054,SHOP3049,13.6,2024-02-02,2024-02-16,Flash Deal
OFF6173,MOD2168,SHOP3091,12.5,2021-08-08,2024-11-23,Festive Sale
OFF6174,MOD2131,SHOP3063,33.8,2021-11-24,2024-12-22,Weekend Offer
OFF6175,MOD2140,SHOP3050,21.8,2024-07-12,2024-08-11,Clearance
OFF6176,MOD2094,SHOP3033,17.6,2021-03-30,2024-12-17,Weekend Offer
OFF6177,MOD2011,SHOP3072,24.5,2022-05-08,2024-06-02,Weekend Offer
OFF6178,MOD2016,SHOP3067,21.5,2022-06-24,2024-01-23,Flash Deal
OFF6179,MOD2111,SHOP3000,28.8,2023-12-09,2024-04-18,Festive Sale
OFF6180,MOD2011,SHOP3059,12.2,2023-07-15,2024-03-28,Flash Deal
OFF6181,MOD2025,SHOP3023,29.6,2024-06-24,2025-05-22,Clearance
OFF6182,MOD2008,SHOP3041,15.8,2024-04-15,2024-05-15,Flash Deal
OFF6183,MOD2066,SHOP3019,37.7,2023-09-26,2025-06-29,Festive Sale
OFF6184,MOD2052,SHOP3051,32.8,2023-09-20,2024-11-14,Festive Sale
OFF6185,MOD2062,SHOP3074,27.8,2023-10-18,2024-02-24,Weekend Offer
OFF6186,MOD2000,SHOP3040,8.6,2023-08-26,2024-07-08,Clearance
OFF6187,MOD2187,SHOP3044,5.8,2024-07-27,2024-08-26,Weekend Offer
OFF6188,MOD2039,SHOP3067,24.6,2024-01-03,2024-01-20,Weekend Offer
OFF6189,MOD2022,SHOP3044,21.9,2022-02-04,2025-07-07,Clearance
OFF6190,MOD2078,SHOP3057,16.1,2023-04-26,2024-10-27,Clearance
OFF6191,MOD2184,SHOP3092,34.7,2022-01-09,2024-03-22,Weekend Offer
OFF6192,MOD2060,SHOP3019,29.2,2022-05-02,2025-04-25,Festive Sale
OFF6193,MOD2162,SHOP3061,37.4,2024-06-15,2024-06-18,Festive Sale
OFF6194,MOD2151,SHOP3059,16.1,2023-01-29,2024-12-21,Festive Sale
OFF6195,MOD2082,SHOP3040,37.0,2023-07-29,2024-11-05,Flash Deal
OFF6196,MOD2150,SHOP3083,25.7,2021-10-23,2024-03-30,Clearance
OFF6197,MOD2103,SHOP3099,7.9,2023-06-11,2024-06-11,Clearance
OFF6198,MOD2039,SHOP3053,23.7,2022-04-01,2025-03-25,Flash Deal
OFF6199,MOD2057,SHOP3029,34.2,2022-08-26,2024-02-02,Clearance
OFF6200,MOD2029,SHOP3011,6.9,2023-09-09,2024-09-02,Clearance
OFF6201,MOD2134,SHOP3037,35.3,2021-08-01,2024-10-27,Flash Deal
OFF6202,MOD2130,SHOP3062,24.6,2021-12-07,2025-02-04,Clearance
OFF6203,MOD2040,SHOP3006,37.7,2022-08-19,2024-09-23,Flash Deal
OFF6204,MOD2037,SHOP3082,15.3,2024-02-29,2025-08-16,Festive Sale
OFF6205,MOD2056,SHOP3031,39.8,2023-12-10,2024-03-20,Weekend Offer
OFF6206,MOD2138,SHOP3093,10.8,2023-09-13,2025-02-11,Festive Sale
OFF6207,MOD2055,SHOP3023,33.5,2022-06-21,2024-05-22,Festive Sale
OFF6208,MOD2116,SHOP3015,34.3,2024-04-10,2025-05-18,Clearance
OFF6209,MOD2036,SHOP3032,13.1,2024-03-28,2024-07-23,Clearance
OFF6210,MOD2123,SHOP3005,16.6,2024-06-25,2024-10-23,Flash Deal
OFF6211,MOD2180,SHOP3094,12.1,2023-06-12,2024-07-09,Clearance
OFF6212,MOD2171,SHOP3074,39.4,2022-01-01,2024-05-25,Clearance
OFF6213,MOD2167,SHOP3011,9.2,2023-12-08,2025-03-15,Weekend Offer
OFF6214,MOD2140,SHOP3075,19.8,2021-07-15,2025-01-31,Flash Deal
OFF6215,MOD2069,SHOP3012,6.0,2022-05-03,2024-10-03,Festive Sale
OFF6216,MOD2093,SHOP3081,14.6,2021-04-28,2025-08-26,Flash Deal
OFF6217,MOD2065,SHOP3070,25.4,2022-11-28,2024-04-27,Weekend Offer
OFF6218,MOD2130,SHOP3053,32.8,2022-06-19,2024-07-26,Clearance
OFF6219,MOD2170,SHOP3047,24.0,2023-01-07,2024-05-20,Festive Sale
OFF6220,MOD2141,SHOP3054,9.0,2021-06-25,2024-06-27,Flash Deal
OFF6221,MOD2134,SHOP3024,30.0,2022-09-07,2024-07-26,Festive Sale
OFF6222,MOD2188,SHOP3085,32.2,2023-04-29,2024-12-05,Flash Deal
OFF6223,MOD2134,SHOP3000,18.5,2021-05-16,2024-12-26,Flash Deal
OFF6224,MOD2008,SHOP3027,32.2,2024-04-30,2025-03-02,Weekend Offer
OFF6225,MOD2002,SHOP3067,21.4,2022-05-08,2024-07-07,Festive Sale
OFF6226,MOD2094,SHOP3029,7.3,2024-04-14,2025-04-16,Flash Deal
OFF6227,MOD2025,SHOP3064,35.5,2021-04-17,2025-02-06,Clearance
OFF6228,MOD2193,SHOP3026,38.4,2024-07-30,2024-09-05,Weekend Offer
OFF6229,MOD2028,SHOP3040,37.2,2022-03-26,2024-08-28,Clearance
OFF6230,MOD2039,SHOP3041,9.2,2021-09-11,2024-02-02,Flash Deal
OFF6231,MOD2072,SHOP3089,19.8,2022-05-03,2024-12-31,Festive Sale
OFF6232,MOD2140,SHOP3020,35.4,2022-07-09,2024-01-04,Festive Sale
OFF6233,MOD2060,SHOP3085,29.0,2022-07-25,2024-10-06,Clearance
OFF6234,MOD2155,SHOP3003,9.4,2022-04-20,2025-01-13,Festive Sale
OFF6235,MOD2081,SHOP3048,29.0,2023-02-17,2024-07-11,Weekend Offer
OFF6236,MOD2157,SHOP3055,25.2,2021-04-10,2025-05-26,Weekend Offer
OFF6237,MOD2190,SHOP3017,38.3,2024-04-06,2024-04-18,Weekend Offer
OFF6238,MOD2161,SHOP3053,38.1,2021-10-07,2025-02-10,Festive Sale
OFF6239,MOD2008,SHOP3041,31.5,2021-11-28,2024-03-26,Flash Deal
OFF6240,MOD2171,SHOP3069,17.6,2023-08-17,2025-04-03,Clearance
OFF6241,MOD2170,SHOP3038,16.8,2021-11-14,2024-01-31,Clearance
OFF6242,MOD2071,SHOP3001,37.5,2021-01-03,2025-05-26,Weekend Offer
OFF6243,MOD2125,SHOP3012,37.2,2022-07-10,2024-06-28,Weekend Offer
OFF6244,MOD2194,SHOP3052,27.8,2022-10-27,2025-03-01,Clearance
OFF6245,MOD2040,SHOP3086,35.2,2021-05-29,2025-02-04,Festive Sale
OFF6246,MOD2098,SHOP3050,27.3,2021-10-22,2024-06-21,Flash Deal
OFF6247,MOD2100,SHOP3009,14.6,2024-03-19,2025-06-09,Festive Sale
OFF6248,MOD2025,SHOP3029,19.4,2023-07-01,2024-06-18,Flash Deal
OFF6249,MOD2102,SHOP3073,20.4,2024-01-13,2025-03-31,Clearance
OFF6250,MOD2047,SHOP3085,17.5,2024-02-28,2025-03-04,Clearance
OFF6251,MOD2068,SHOP3067,32.3,2021-06-28,2024-12-12,Weekend Offer
OFF6252,MOD2102,SHOP3061,8.3,2024-01-17,2024-09-08,Flash Deal
OFF6253,MOD2159,SHOP3069,26.3,2022-12-17,2025-01-17,Clearance
OFF6254,MOD2014,SHOP3043,8.9,2021-05-27,2025-07-09,Weekend Offer
OFF6255,MOD2196,SHOP3074,6.5,2021-05-19,2024-09-22,Weekend Offer
OFF6256,MOD2115,SHOP3023,34.4,2024-08-25,2025-01-11,Weekend Offer
OFF6257,MOD2016,SHOP3037,23.6,2023-02-28,2025-04-21,Weekend Offer
OFF6258,MOD2055,SHOP3063,20.1,2021-02-15,2025-01-07,Flash Deal
OFF6259,MOD2088,SHOP3036,15.6,2023-03-09,2024-01-23,Festive Sale
OFF6260,MOD2161,SHOP3007,6.9,2022-09-08,2024-01-26,Weekend Offer
OFF6261,MOD2055,SHOP3032,6.7,2021-03-13,2025-01-17,Flash Deal
OFF6262,MOD2107,SHOP3011,28.5,2024-06-25,2024-07-25,Weekend Offer
OFF6263,MOD2076,SHOP3040,22.5,2022-11-19,2025-07-28,Flash Deal
OFF6264,MOD2188,SHOP3095,6.1,2023-06-12,2024-03-05,Flash Deal
OFF6265,MOD2067,SHOP3064,6.1,2022-10-30,2025-06-30,Flash Deal
OFF6266,MOD2181,SHOP3063,11.0,2022-06-23,2024-12-25,Flash Deal
OFF6267,MOD2043,SHOP3041,17.5,2021-10-06,2024-03-30,Clearance
OFF6268,MOD2085,SHOP3000,21.6,2024-01-31,2024-07-03,Clearance
OFF6269,MOD2194,SHOP3050,30.2,2022-08-12,2024-04-15,Clearance
OFF6270,MOD2128,SHOP3008,26.2,2021-08-30,2024-01-16,Weekend Offer
OFF6271,MOD2140,SHOP3015,5.7,2021-07-11,2024-08-03,Flash Deal
OFF6272,MOD2108,SHOP3068,38.8,2023-06-20,2024-03-12,Weekend Offer
OFF6273,MOD2060,SHOP3010,34.2,2024-01-27,2025-07-26,Weekend Offer
OFF6274,MOD2126,SHOP3012,14.1,2023-05-29,2024-05-24,Weekend Offer
OFF6275,MOD2076,SHOP3096,11.3,2023-02-01,2024-06-10,Festive Sale
OFF6276,MOD2029,SHOP3080,32.5,2022-03-08,2024-11-03,Weekend Offer
OFF6277,MOD2081,SHOP3092,5.7,2022-12-07,2024-02-27,Flash Deal
OFF6278,MOD2173,SHOP3069,33.5,2024-07-21,2024-08-20,Weekend Offer
OFF6279,MOD2074,SHOP3072,11.1,2021-10-01,2024-12-02,Flash Deal
OFF6280,MOD2128,SHOP3054,9.5,2021-05-16,2025-08-03,Festive Sale
OFF6281,MOD2103,SHOP3077,18.7,2024-08-15,2024-10-18,Weekend Offer
OFF6282,MOD2134,SHOP3037,7.6,2021-11-18,2024-08-07,Flash Deal
OFF6283,MOD2034,SHOP3070,29.7,2022-11-26,2024-11-19,Flash Deal
OFF6284,MOD2128,SHOP3004,12.3,2021-12-30,2025-08-12,Clearance
OFF6285,MOD2170,SHOP3035,31.7,2023-02-09,2025-01-12,Clearance
OFF6286,MOD2181,SHOP3002,15.2,2022-10-11,2024-08-23,Clearance
OFF6287,MOD2015,SHOP3008,29.5,2024-06-18,2025-02-08,Festive Sale
OFF6288,MOD2106,SHOP3068,27.0,2023-05-05,2025-08-22,Festive Sale
OFF6289,MOD2095,SHOP3026,31.1,2022-04-15,2025-02-17,Weekend Offer
OFF6290,MOD2053,SHOP3093,24.2,2021-11-07,2025-05-22,Festive Sale
OFF6291,MOD2062,SHOP3091,21.5,2024-01-23,2024-12-05,Weekend Offer
OFF6292,MOD2099,SHOP3082,32.0,2021-12-09,2025-08-28,Clearance
OFF6293,MOD2177,SHOP3021,25.4,2021-08-14,2025-08-06,Clearance
OFF6294,MOD2161,SHOP3002,7.3,2024-06-22,2025-08-02,Clearance
OFF6295,MOD2013,SHOP3035,21.5,2022-11-26,2024-12-22,Clearance
OFF6296,MOD2050,SHOP3099,10.1,2024-04-03,2025-03-25,Clearance
OFF6297,MOD2044,SHOP3051,8.1,2021-07-11,2024-08-03,Weekend Offer
OFF6298,MOD2008,SHOP3015,23.2,2023-06-01,2024-06-27,Festive Sale
OFF6299,MOD2038,SHOP3032,20.9,2022-12-12,2024-09-01,Clearance
OFF6300,MOD2154,SHOP3052,37.6,2022-06-26,2024-03-03,Weekend Offer
OFF6301,MOD2057,SHOP3015,37.5,2022-09-05,2025-08-22,Clearance
OFF6302,MOD2139,SHOP3049,23.2,2021-02-24,2024-09-26,Clearance
OFF6303,MOD2154,SHOP3097,25.3,2022-06-25,2024-11-16,Flash Deal
OFF6304,MOD2016,SHOP3084,21.9,2021-09-15,2024-02-19,Clearance
OFF6305,MOD2027,SHOP3025,26.9,2023-04-13,2024-04-28,Festive Sale
OFF6306,MOD2097,SHOP3005,17.8,2024-08-17,2024-11-27,Festive Sale
OFF6307,MOD2044,SHOP3098,9.5,2024-06-29,2024-12-25,Festive Sale
OFF6308,MOD2117,SHOP3048,11.5,2021-03-11,2024-09-20,Clearance
OFF6309,MOD2130,SHOP3075,39.4,2021-04-22,2024-10-18,Festive Sale
OFF6310,MOD2150,SHOP3082,7.2,2023-01-26,2024-05-08,Weekend Offer
OFF6311,MOD2079,SHOP3092,32.4,2023-10-27,2024-10-15,Weekend Offer
OFF6312,MOD2140,SHOP3078,38.1,2023-11-15,2025-03-08,Festive Sale
OFF6313,MOD2135,SHOP3008,25.6,2021-09-08,2024-08-11,Weekend Offer
OFF6314,MOD2115,SHOP3055,23.0,2021-01-14,2024-02-05,Festive Sale
OFF6315,MOD2194,SHOP3082,27.6,2023-05-05,2025-04-09,Weekend Offer
OFF6316,MOD2043,SHOP3033,24.1,2022-03-13,2024-05-16,Weekend Offer
OFF6317,MOD2173,SHOP3098,19.9,2021-10-09,2024-10-15,Festive Sale
OFF6318,MOD2115,SHOP3062,7.7,2022-07-19,2025-04-30,Weekend Offer
OFF6319,MOD2135,SHOP3052,31.1,2021-10-19,2025-04-02,Weekend Offer
OFF6320,MOD2149,SHOP3076,25.6,2023-05-05,2025-02-13,Clearance
OFF6321,MOD2074,SHOP3014,23.3,2023-02-15,2024-09-12,Festive Sale
OFF6322,MOD2137,SHOP3094,24.0,2023-04-04,2024-02-18,Clearance
OFF6323,MOD2044,SHOP3084,33.9,2022-07-23,2025-01-30,Weekend Offer
OFF6324,MOD2172,SHOP3013,28.3,2023-08-19,2025-07-23,Festive Sale
OFF6325,MOD2138,SHOP3005,33.2,2022-10-22,2025-01-06,Weekend Offer
OFF6326,MOD2175,SHOP3060,9.0,2023-01-25,2024-10-30,Clearance
OFF6327,MOD2130,SHOP3045,5.3,2021-06-08,2025-07-21,Festive Sale
OFF6328,MOD2105,SHOP3028,26.8,2023-07-31,2024-08-22,Festive Sale
OFF6329,MOD2070,SHOP3037,24.7,2022-06-10,2024-02-10,Festive Sale
OFF6330,MOD2006,SHOP3009,37.6,2023-05-27,2024-12-14,Clearance
OFF6331,MOD2141,SHOP3041,5.8,2022-11-29,2025-07-09,Festive Sale
OFF6332,MOD2118,SHOP3013,39.8,2021-07-31,2024-07-05,Clearance
OFF6333,MOD2041,SHOP3023,15.1,2023-06-08,2024-08-06,Weekend Offer
OFF6334,MOD2067,SHOP3059,18.3,2024-01-17,2025-01-28,Weekend Offer
OFF6335,MOD2131,SHOP3036,35.9,2023-10-20,2024-08-12,Flash Deal
OFF6336,MOD2185,SHOP3070,8.5,2022-06-15,2024-04-09,Flash Deal
OFF6337,MOD2126,SHOP3074,7.0,2023-01-20,2024-05-09,Clearance
OFF6338,MOD2058,SHOP3068,14.0,2021-07-31,2025-03-17,Festive Sale
OFF6339,MOD2075,SHOP3033,24.4,2024-03-20,2024-09-07,Clearance
OFF6340,MOD2077,SHOP3079,10.4,2021-01-16,2024-04-06,Weekend Offer
OFF6341,MOD2030,SHOP3037,23.4,2022-10-12,2025-04-27,Festive Sale
OFF6342,MOD2003,SHOP3033,6.2,2023-02-26,2024-03-16,Flash Deal
OFF6343,MOD2012,SHOP3056,28.0,2023-10-06,2024-01-30,Clearance
OFF6344,MOD2174,SHOP3097,19.9,2023-12-23,2025-03-10,Clearance
OFF6345,MOD2004,SHOP3015,21.4,2024-04-02,2024-05-02,Festive Sale
OFF6346,MOD2189,SHOP3066,7.3,2022-07-29,2024-08-05,Clearance
OFF6347,MOD2106,SHOP3039,27.3,2022-07-24,2024-03-15,Clearance
OFF6348,MOD2137,SHOP3006,32.4,2024-08-30,2024-09-29,Flash Deal
OFF6349,MOD2079,SHOP3031,21.1,2022-04-13,2025-08-20,Flash Deal
OFF6350,MOD2169,SHOP3048,16.8,2023-11-12,2025-08-18,Festive Sale
OFF6351,MOD2100,SHOP3022,34.0,2022-08-13,2024-03-21,Festive Sale
OFF6352,MOD2025,SHOP3061,17.9,2023-08-23,2024-12-03,Festive Sale
OFF6353,MOD2104,SHOP3056,28.1,2023-08-09,2024-12-28,Weekend Offer
OFF6354,MOD2073,SHOP3010,7.6,2021-12-10,2025-02-10,Festive Sale
OFF6355,MOD2006,SHOP3022,31.6,2022-12-26,2024-01-24,Weekend Offer
OFF6356,MOD2018,SHOP3097,35.7,2023-10-16,2025-04-30,Clearance
OFF6357,MOD2123,SHOP3036,8.5,2022-04-30,2024-12-02,Clearance
OFF6358,MOD2178,SHOP3032,18.1,2023-06-12,2024-07-09,Flash Deal
OFF6359,MOD2004,SHOP3081,15.4,2023-03-15,2024-02-15,Flash Deal
OFF6360,MOD2061,SHOP3032,6.3,2021-04-09,2025-06-13,Clearance
OFF6361,MOD2177,SHOP3050,11.3,2021-04-23,2025-05-26,Festive Sale
OFF6362,MOD2005,SHOP3026,5.9,2021-07-02,2025-08-24,Clearance
OFF6363,MOD2169,SHOP3024,7.9,2022-07-18,2025-08-21,Flash Deal
OFF6364,MOD2044,SHOP3011,5.1,2023-04-17,2024-03-11,Flash Deal
OFF6365,MOD2128,SHOP3011,30.7,2021-06-07,2024-07-15,Clearance
OFF6366,MOD2014,SHOP3031,34.7,2021-06-17,2024-06-25,Festive Sale
OFF6367,MOD2126,SHOP3050,19.3,2022-12-21,2024-03-04,Weekend Offer
OFF6368,MOD2181,SHOP3072,15.7,2021-11-20,2025-03-31,Flash Deal
OFF6369,MOD2064,SHOP3099,26.6,2021-12-31,2025-03-30,Festive Sale
OFF6370,MOD2064,SHOP3095,5.5,2024-07-20,2024-08-19,Festive Sale
OFF6371,MOD2101,SHOP3054,34.3,2022-04-21,2024-05-08,Festive Sale
OFF6372,MOD2198,SHOP3078,31.5,2022-03-28,2025-04-19,Flash Deal
OFF6373,MOD2115,SHOP3071,27.4,2024-05-21,2024-06-20,Weekend Offer
OFF6374,MOD2053,SHOP3045,19.4,2022-09-14,2024-02-13,Clearance
OFF6375,MOD2126,SHOP3071,25.2,2022-10-13,2025-03-16,Clearance
OFF6376,MOD2085,SHOP3027,36.8,2024-01-22,2024-04-25,Weekend Offer
OFF6377,MOD2059,SHOP3052,23.7,2021-07-23,2024-03-01,Flash Deal
OFF6378,MOD2096,SHOP3091,15.6,2023-01-19,2024-03-02,Festive Sale
OFF6379,MOD2081,SHOP3048,38.9,2022-09-19,2024-12-23,Clearance
OFF6380,MOD2020,SHOP3033,37.2,2023-06-19,2024-01-24,Festive Sale
OFF6381,MOD2095,SHOP3030,16.5,2022-10-24,2024-10-12,Clearance
OFF6382,MOD2179,SHOP3027,34.6,2021-09-12,2024-12-13,Festive Sale
OFF6383,MOD2107,SHOP3085,9.7,2023-05-07,2025-04-07,Clearance
OFF6384,MOD2023,SHOP3060,36.9,2023-07-03,2024-03-25,Weekend Offer
OFF6385,MOD2018,SHOP3022,14.7,2023-05-29,2025-05-30,Weekend Offer
OFF6386,MOD2039,SHOP3032,16.2,2024-06-22,2024-07-22,Flash Deal
OFF6387,MOD2135,SHOP3029,23.3,2023-06-13,2025-08-14,Clearance
OFF6388,MOD2031,SHOP3073,22.5,2023-08-28,2025-08-04,Festive Sale
OFF6389,MOD2189,SHOP3056,25.8,2024-08-09,2025-02-11,Clearance
OFF6390,MOD2116,SHOP3039,7.4,2022-05-24,2025-02-23,Clearance
OFF6391,MOD2110,SHOP3018,15.4,2022-03-23,2025-03-21,Weekend Offer
OFF6392,MOD2065,SHOP3015,28.3,2022-03-10,2024-11-03,Weekend Offer
OFF6393,MOD2137,SHOP3044,24.6,2024-03-13,2025-01-29,Flash Deal
OFF6394,MOD2181,SHOP3093,36.5,2023-06-07,2024-02-10,Clearance
OFF6395,MOD2134,SHOP3080,15.7,2024-01-15,2025-05-21,Clearance
OFF6396,MOD2094,SHOP3050,33.4,2021-05-05,2024-10-06,Festive Sale
OFF6397,MOD2061,SHOP3034,24.8,2023-03-08,2024-08-13,Weekend Offer
OFF6398,MOD2035,SHOP3076,13.9,2023-07-01,2024-08-21,Flash Deal
OFF6399,MOD2013,SHOP3042,22.2,2023-06-21,2024-05-19,Clearance
OFF6400,MOD2152,SHOP3018,22.5,2023-04-28,2025-01-20,Festive Sale
OFF6401,MOD2063,SHOP3029,24.1,2024-03-04,2025-08-12,Flash Deal
OFF6402,MOD2142,SHOP3087,9.8,2022-02-20,2024-12-06,Weekend Offer
OFF6403,MOD2139,SHOP3097,24.2,2022-10-20,2024-08-01,Clearance
OFF6404,MOD2046,SHOP3069,6.6,2024-01-24,2025-01-10,Flash Deal
OFF6405,MOD2136,SHOP3097,11.9,2024-02-22,2025-01-14,Festive Sale
OFF6406,MOD2019,SHOP3091,6.3,2023-10-28,2024-10-30,Flash Deal
OFF6407,MOD2158,SHOP3090,34.7,2021-02-24,2024-11-15,Flash Deal
OFF6408,MOD2197,SHOP3068,30.0,2023-12-19,2025-05-04,Festive Sale
OFF6409,MOD2125,SHOP3053,8.5,2021-09-24,2024-01-15,Flash Deal
OFF6410,MOD2044,SHOP3026,38.3,2021-05-18,2024-07-18,Flash Deal
OFF6411,MOD2028,SHOP3053,32.3,2021-11-22,2025-01-10,Festive Sale
OFF6412,MOD2013,SHOP3053,21.8,2023-08-31,2025-04-01,Festive Sale
OFF6413,MOD2010,SHOP3071,26.4,2021-06-15,2024-06-03,Festive Sale
OFF6414,MOD2168,SHOP3035,26.2,2022-09-24,2025-05-21,Festive Sale
OFF6415,MOD2146,SHOP3054,31.9,2021-03-10,2025-07-21,Weekend Offer
OFF6416,MOD2003,SHOP3004,33.3,2023-02-11,2024-02-01,Flash Deal
OFF6417,MOD2130,SHOP3078,39.3,2021-02-19,2024-10-14,Festive Sale
OFF6418,MOD2194,SHOP3065,15.3,2022-07-20,2024-10-19,Weekend Offer
OFF6419,MOD2092,SHOP3076,16.4,2024-08-20,2025-02-15,Clearance
OFF6420,MOD2040,SHOP3020,18.5,2023-01-29,2025-02-22,Weekend Offer
OFF6421,MOD2094,SHOP3023,20.8,2023-09-19,2024-01-25,Festive Sale
OFF6422,MOD2196,SHOP3061,22.2,2024-06-08,2024-09-22,Clearance
OFF6423,MOD2038,SHOP3017,14.0,2021-06-30,2024-07-07,Flash Deal
OFF6424,MOD2115,SHOP3082,24.3,2024-08-27,2025-02-16,Festive Sale
OFF6425,MOD2103,SHOP3066,22.1,2022-06-27,2024-02-04,Clearance
OFF6426,MOD2172,SHOP3051,14.2,2023-04-29,2024-05-29,Flash Deal
OFF6427,MOD2136,SHOP3073,21.7,2023-12-21,2025-06-17,Flash Deal
OFF6428,MOD2102,SHOP3029,24.4,2024-01-06,2025-05-07,Flash Deal
OFF6429,MOD2050,SHOP3032,19.6,2021-09-23,2025-01-20,Flash Deal
OFF6430,MOD2038,SHOP3038,20.7,2023-04-13,2024-07-22,Weekend Offer
OFF6431,MOD2045,SHOP3007,5.2,2024-07-25,2025-01-01,Flash Deal
OFF6432,MOD2179,SHOP3084,24.2,2023-10-11,2024-05-28,Clearance
OFF6433,MOD2180,SHOP3011,31.4,2022-03-20,2025-02-10,Weekend Offer
OFF6434,MOD2003,SHOP3067,33.7,2021-08-14,2025-02-26,Festive Sale
OFF6435,MOD2021,SHOP3067,9.3,2024-07-29,2024-07-31,Weekend Offer
OFF6436,MOD2079,SHOP3068,7.5,2023-11-24,2025-05-18,Clearance
OFF6437,MOD2116,SHOP3099,26.7,2021-12-10,2024-09-05,Festive Sale
OFF6438,MOD2167,SHOP3031,36.0,2023-01-19,2024-04-20,Clearance
OFF6439,MOD2116,SHOP3054,35.0,2023-01-25,2024-07-17,Clearance
OFF6440,MOD2099,SHOP3046,36.7,2024-03-18,2024-09-16,Festive Sale
OFF6441,MOD2059,SHOP3024,6.3,2021-07-16,2024-09-28,Flash Deal
OFF6442,MOD2089,SHOP3088,9.5,2024-06-29,2025-03-14,Weekend Offer
OFF6443,MOD2069,SHOP3090,37.2,2021-06-23,2025-06-21,Flash Deal
OFF6444,MOD2011,SHOP3021,16.4,2021-07-09,2024-05-24,Weekend Offer
OFF6445,MOD2070,SHOP3040,17.5,2024-07-18,2024-10-20,Flash Deal
OFF6446,MOD2165,SHOP3051,13.6,2021-09-28,2025-03-23,Flash Deal
OFF6447,MOD2053,SHOP3083,9.5,2023-02-14,2025-06-17,Festive Sale
OFF6448,MOD2061,SHOP3041,34.7,2022-07-20,2024-04-26,Clearance
OFF6449,MOD2012,SHOP3049,24.0,2022-08-24,2025-03-07,Weekend Offer
OFF6450,MOD2181,SHOP3087,23.2,2021-07-13,2025-05-02,Flash Deal
OFF6451,MOD2131,SHOP3093,5.2,2024-01-31,2025-05-06,Weekend Offer
OFF6452,MOD2170,SHOP3026,8.2,2021-10-14,2024-12-01,Clearance
OFF6453,MOD2038,SHOP3014,30.7,2023-03-13,2025-01-08,Flash Deal
OFF6454,MOD2131,SHOP3002,26.7,2023-03-14,2025-07-20,Flash Deal
OFF6455,MOD2076,SHOP3017,23.9,2021-07-29,2024-04-25,Weekend Offer
OFF6456,MOD2092,SHOP3040,24.1,2024-03-14,2024-07-10,Festive Sale
OFF6457,MOD2106,SHOP3059,32.1,2021-06-23,2024-11-13,Clearance
OFF6458,MOD2151,SHOP3086,24.8,2021-12-21,2024-03-01,Festive Sale
OFF6459,MOD2157,SHOP3039,20.4,2023-08-02,2024-09-20,Clearance
OFF6460,MOD2192,SHOP3092,6.0,2022-12-28,2024-07-11,Festive Sale
OFF6461,MOD2160,SHOP3052,17.1,2022-06-20,2024-07-14,Flash Deal
OFF6462,MOD2055,SHOP3065,38.2,2023-08-31,2024-09-04,Clearance
OFF6463,MOD2099,SHOP3059,24.6,2023-04-16,2024-05-30,Weekend Offer
OFF6464,MOD2012,SHOP3075,24.8,2021-04-07,2025-06-12,Clearance
OFF6465,MOD2177,SHOP3031,19.6,2022-02-11,2024-06-27,Flash Deal
OFF6466,MOD2111,SHOP3096,21.8,2022-08-07,2025-07-14,Flash Deal
OFF6467,MOD2147,SHOP3099,22.5,2022-01-08,2024-12-26,Festive Sale
OFF6468,MOD2103,SHOP3024,33.5,2022-11-11,2024-11-04,Clearance
OFF6469,MOD2056,SHOP3038,10.7,2021-08-02,2025-01-31,Clearance
OFF6470,MOD2023,SHOP3096,31.2,2022-01-15,2024-06-26,Weekend Offer
OFF6471,MOD2149,SHOP3083,22.5,2023-07-13,2025-05-19,Flash Deal
OFF6472,MOD2142,SHOP3040,32.0,2022-07-23,2024-02-25,Clearance
OFF6473,MOD2119,SHOP3051,28.3,2022-06-13,2024-11-16,Clearance
OFF6474,MOD2069,SHOP3050,12.0,2022-11-15,2024-03-25,Weekend Offer
OFF6475,MOD2176,SHOP3052,5.5,2024-08-25,2024-10-07,Flash Deal
OFF6476,MOD2109,SHOP3054,29.3,2021-01-08,2025-04-03,Clearance
OFF6477,MOD2105,SHOP3098,38.8,2022-11-18,2025-04-30,Clearance
OFF6478,MOD2042,SHOP3086,18.5,2022-02-04,2024-03-25,Flash Deal
OFF6479,MOD2197,SHOP3082,14.1,2023-11-12,2024-12-21,Clearance
OFF6480,MOD2069,SHOP3088,17.2,2024-01-11,2025-05-10,Flash Deal
OFF6481,MOD2114,SHOP3002,16.9,2023-04-01,2025-08-18,Flash Deal
OFF6482,MOD2188,SHOP3087,9.3,2023-02-09,2025-02-10,Weekend Offer
OFF6483,MOD2064,SHOP3043,16.2,2021-09-14,2024-10-28,Weekend Offer
OFF6484,MOD2029,SHOP3075,20.5,2024-03-18,2024-06-11,Festive Sale
OFF6485,MOD2031,SHOP3094,14.6,2022-11-11,2024-01-26,Clearance
OFF6486,MOD2084,SHOP3092,22.8,2023-08-12,2025-04-29,Flash Deal
OFF6487,MOD2064,SHOP3034,7.1,2023-05-22,2025-06-15,Clearance
OFF6488,MOD2182,SHOP3011,37.4,2021-09-30,2024-07-25,Clearance
OFF6489,MOD2160,SHOP3082,19.1,2022-09-17,2025-04-08,Festive Sale
OFF6490,MOD2065,SHOP3082,25.7,2022-05-07,2025-03-17,Clearance
OFF6491,MOD2043,SHOP3028,28.6,2024-01-07,2024-04-21,Festive Sale
OFF6492,MOD2041,SHOP3080,25.4,2021-08-23,2025-03-20,Weekend Offer
OFF6493,MOD2143,SHOP3010,11.0,2022-01-19,2024-11-05,Flash Deal
OFF6494,MOD2045,SHOP3029,19.9,2021-09-26,2024-03-15,Festive Sale
OFF6495,MOD2123,SHOP3060,38.2,2022-06-11,2024-07-19,Flash Deal
OFF6496,MOD2026,SHOP3075,26.6,2022-10-24,2025-06-20,Weekend Offer
OFF6497,MOD2159,SHOP3083,34.1,2023-05-25,2024-10-03,Clearance
OFF6498,MOD2121,SHOP3099,14.5,2023-06-03,2024-06-07,Flash Deal
OFF6499,MOD2043,SHOP3087,17.3,2021-08-01,2024-10-21,Flash Deal
